99001,30001,130001,20230814,"Dear Hiring Manager,

I am excited to apply for the [Job Title] position at your esteemed company. With a solid background in [Your Field], I bring a wealth of experience in [Relevant Skill 1] and [Relevant Skill 2]. I am confident in my ability to contribute to your team's success through my passion for [Specific Aspect of the Job]. My strong analytical skills and dedication to achieving goals make me a perfect fit for this role. I look forward to discussing how my expertise aligns with your company's vision.",0
99002,30002,130002,20230918,"Dear Hiring Team,

I am writing to express my genuine interest in the [Job Title] position. With a background in [Your Field], I possess expertise in [Relevant Skill 1] and [Relevant Skill 2]. I am particularly drawn to your company's innovative approach to [Specific Aspect of the Industry] and would love to contribute my skills in [Specific Contribution You Can Make]. My proactive attitude, coupled with my passion for [Relevant Industry or Skill], makes me confident in my ability to excel in this role. I am excited about the opportunity to discuss how I can contribute to your team.",0
99003,30003,140001,20230514,"Dear Hiring Team,

I am writing to express my genuine interest in the [Job Title] position. With a background in [Your Field], I possess expertise in [Relevant Skill 1] and [Relevant Skill 2]. I am particularly drawn to your company's innovative approach to [Specific Aspect of the Industry] and would love to contribute my skills in [Specific Contribution You Can Make]. My proactive attitude, coupled with my passion for [Relevant Industry or Skill], makes me confident in my ability to excel in this role. I am excited about the opportunity to discuss how I can contribute to your team.",0
99004,30004,140002,20230218,"Dear Hiring Team,

I am writing to express my genuine interest in the [Job Title] position. With a background in [Your Field], I possess expertise in [Relevant Skill 1] and [Relevant Skill 2]. I am particularly drawn to your company's innovative approach to [Specific Aspect of the Industry] and would love to contribute my skills in [Specific Contribution You Can Make]. My proactive attitude, coupled with my passion for [Relevant Industry or Skill], makes me confident in my ability to excel in this role. I am excited about the opportunity to discuss how I can contribute to your team.",0
99005,30005,140003,20230314,"Dear Hiring Team,

I am writing to express my genuine interest in the [Job Title] position. With a background in [Your Field], I possess expertise in [Relevant Skill 1] and [Relevant Skill 2]. I am particularly drawn to your company's innovative approach to [Specific Aspect of the Industry] and would love to contribute my skills in [Specific Contribution You Can Make]. My proactive attitude, coupled with my passion for [Relevant Industry or Skill], makes me confident in my ability to excel in this role. I am excited about the opportunity to discuss how I can contribute to your team.",0
99006,30006,140004,20230718,"Dear Hiring Team,

I am writing to express my genuine interest in the [Job Title] position. With a background in [Your Field], I possess expertise in [Relevant Skill 1] and [Relevant Skill 2]. I am particularly drawn to your company's innovative approach to [Specific Aspect of the Industry] and would love to contribute my skills in [Specific Contribution You Can Make]. My proactive attitude, coupled with my passion for [Relevant Industry or Skill], makes me confident in my ability to excel in this role. I am excited about the opportunity to discuss how I can contribute to your team.",0
99007,30007,140008,20230914,"Dear Hiring Team,

I am writing to express my genuine interest in the [Job Title] position. With a background in [Your Field], I possess expertise in [Relevant Skill 1] and [Relevant Skill 2]. I am particularly drawn to your company's innovative approach to [Specific Aspect of the Industry] and would love to contribute my skills in [Specific Contribution You Can Make]. My proactive attitude, coupled with my passion for [Relevant Industry or Skill], makes me confident in my ability to excel in this role. I am excited about the opportunity to discuss how I can contribute to your team.",0
99008,30008,140015,20231018,"Dear Hiring Team,

I am writing to express my genuine interest in the [Job Title] position. With a background in [Your Field], I possess expertise in [Relevant Skill 1] and [Relevant Skill 2]. I am particularly drawn to your company's innovative approach to [Specific Aspect of the Industry] and would love to contribute my skills in [Specific Contribution You Can Make]. My proactive attitude, coupled with my passion for [Relevant Industry or Skill], makes me confident in my ability to excel in this role. I am excited about the opportunity to discuss how I can contribute to your team.",0
99009,30009,140025,20230914,"Dear Hiring Team,

I am writing to express my genuine interest in the [Job Title] position. With a background in [Your Field], I possess expertise in [Relevant Skill 1] and [Relevant Skill 2]. I am particularly drawn to your company's innovative approach to [Specific Aspect of the Industry] and would love to contribute my skills in [Specific Contribution You Can Make]. My proactive attitude, coupled with my passion for [Relevant Industry or Skill], makes me confident in my ability to excel in this role. I am excited about the opportunity to discuss how I can contribute to your team.",0
99010,30010,140036,20230118,"Dear Hiring Team,

I am writing to express my genuine interest in the [Job Title] position. With a background in [Your Field], I possess expertise in [Relevant Skill 1] and [Relevant Skill 2]. I am particularly drawn to your company's innovative approach to [Specific Aspect of the Industry] and would love to contribute my skills in [Specific Contribution You Can Make]. My proactive attitude, coupled with my passion for [Relevant Industry or Skill], makes me confident in my ability to excel in this role. I am excited about the opportunity to discuss how I can contribute to your team.",0
99011,30011,140078,20230214,"Dear Hiring Team,

I am writing to express my genuine interest in the [Job Title] position. With a background in [Your Field], I possess expertise in [Relevant Skill 1] and [Relevant Skill 2]. I am particularly drawn to your company's innovative approach to [Specific Aspect of the Industry] and would love to contribute my skills in [Specific Contribution You Can Make]. My proactive attitude, coupled with my passion for [Relevant Industry or Skill], makes me confident in my ability to excel in this role. I am excited about the opportunity to discuss how I can contribute to your team.",0
99012,30012,140102,20230318,"Dear Hiring Team,

I am writing to express my genuine interest in the [Job Title] position. With a background in [Your Field], I possess expertise in [Relevant Skill 1] and [Relevant Skill 2]. I am particularly drawn to your company's innovative approach to [Specific Aspect of the Industry] and would love to contribute my skills in [Specific Contribution You Can Make]. My proactive attitude, coupled with my passion for [Relevant Industry or Skill], makes me confident in my ability to excel in this role. I am excited about the opportunity to discuss how I can contribute to your team.",0
99013,30013,140103,20230514,"Dear Hiring Team,

I am writing to express my genuine interest in the [Job Title] position. With a background in [Your Field], I possess expertise in [Relevant Skill 1] and [Relevant Skill 2]. I am particularly drawn to your company's innovative approach to [Specific Aspect of the Industry] and would love to contribute my skills in [Specific Contribution You Can Make]. My proactive attitude, coupled with my passion for [Relevant Industry or Skill], makes me confident in my ability to excel in this role. I am excited about the opportunity to discuss how I can contribute to your team.",0
99014,30014,140108,20230718,"Dear Hiring Team,

I am writing to express my genuine interest in the [Job Title] position. With a background in [Your Field], I possess expertise in [Relevant Skill 1] and [Relevant Skill 2]. I am particularly drawn to your company's innovative approach to [Specific Aspect of the Industry] and would love to contribute my skills in [Specific Contribution You Can Make]. My proactive attitude, coupled with my passion for [Relevant Industry or Skill], makes me confident in my ability to excel in this role. I am excited about the opportunity to discuss how I can contribute to your team.",0